MariaDB [ma_base]> SELECT * FROM client;
+----+---------+----------+-------------------+------+
| id | nom     | prenom   | ville             | age  |
+----+---------+----------+-------------------+------+
|  1 | Armand  | Delia    | Poissy            |   24 |
|  2 | Hebert  | Aim?e    | Marigny-le-Ch?tel |   36 |
|  3 | Ribeiro | Marielle | Maill?res         |   27 |
|  4 | Savary  | Hilaire  | Conie-Molitard    |   58 |
+----+---------+----------+-------------------+------+
4 rows in set (0.000 sec)

MariaDB [ma_base]> SELECT * FROM client;
+----+---------+----------+-------------------+------+
| id | nom     | prenom   | ville             | age  |
+----+---------+----------+-------------------+------+
|  1 | Armand  | Delia    | Poissy            |   24 |
|  2 | Hebert  | Aim?e    | Marigny-le-Ch?tel |   36 |
|  3 | Ribeiro | Marielle | Maill?res         |   27 |
|  4 | Savary  | Hilaire  | Conie-Molitard    |   58 |
+----+---------+----------+-------------------+------+
4 rows in set (0.001 sec)

MariaDB [ma_base]>



